,solution_0,solution_1,solution_2,solution_3,solution_4,solution_5,solution_6,solution_7,solution_8,solution_9,solution_10,solution_11,solution_12,solution_13,solution_14,solution_15,solution_16,solution_17,solution_18,solution_19,solution_20,solution_21,solution_22,solution_23,solution_24,objective,measures_0,measures_1,threshold,chars_0,chars_1,index
0,0.10536814015358686,-0.42903224378824234,0.12565295249223707,0.34805418998003,0.7729543134570123,0.4829634428024292,0.6327056080102922,0.759325633943081,0.19608341008424757,0.621560201048851,0.21714019179344168,0.541024598479271,-0.44996404349803926,0.04855352938175206,-0.3563117653131485,0.34682488888502117,0.7831366986036301,-0.28343015462160115,0.12749490588903423,0.5111294582486152,-0.025330410897731803,-1.0005015525966883,0.36785706505179405,0.9630984636023641,-1.2280413061380386,-12.625632094359997,-11.01918567890245,-10.780910536354567,-12.625632094359997,0.1910600892927356,3.7030788030045,59
1,0.11599372029304506,0.7247800052165985,-0.7449539601802826,0.4005370989441872,-0.678892369568348,0.6364542677998544,-0.1381011143326759,0.12523278743028643,0.6457574039697647,-0.2604653045535088,0.3214057713747025,0.7452158391475678,-0.04581176042556767,-0.3033657416701317,0.23349619358777995,-0.7379481449723244,-0.5292954862117767,0.48999177962541585,0.5402760714292527,-0.26130499690771103,0.44696102291345596,0.044803074561059475,-1.341460905969143,-0.2106676585972309,-0.575520196929574,-12.661878509702518,-11.116552536419517,-9.525760739366314,-12.661878509702518,0.6804176885716244,1.6942948438057333,60
2,0.15070202797651291,0.09183548092842098,-0.005828501284122489,-0.7282022133469582,0.7507043793797494,0.5323393374681473,-0.25154090821743014,0.6109397351741792,-0.4752053424715996,-0.04011375010013585,0.34961809366941443,0.2637796640396117,0.5881531700491907,-0.7918697446584702,0.6964813306927682,0.2179916948080063,0.28771965652704234,0.7585690796375275,-0.634984077513218,-0.571186025440693,-0.5721755057573319,0.23578385822474957,-0.7377654165029526,0.9263867335394025,-0.2888789791613817,-12.739144461399501,-11.219720444051054,-8.388887358711921,-12.739144461399501,0.8724100153302207,1.4783667180137285,61
3,0.13374845869839191,-0.17852554917335506,-0.7129481345415116,0.11262256354093547,0.6662488833069802,-0.08158918172121044,0.7549600347876548,0.3706352785229683,-0.007920743525028251,0.35229123830795284,0.031829808652400926,-0.38400961309671405,0.3498420029878617,-0.2871745258569718,0.36774908006191254,0.7260511562228202,0.6425425574183465,0.2751637175679207,-0.14540356844663616,0.694861677289009,0.43257789760828014,0.45439166855067015,1.2937645884230733,0.37894408497959375,0.4868470234796405,-12.863883266133229,-11.153414402685568,-6.151074661818834,-12.863883266133229,0.6137519925152964,1.3930520194649252,63
4,0.16909662075340748,-0.6257932022213937,0.5038128048181534,-0.46912467628717425,-0.3333146467804909,0.5462344944477082,-0.6541417941451073,-0.4595874056220055,-0.448432469367981,-0.6582204505801201,0.06060768216848378,0.5873972460627557,-0.4392632603645325,-0.7330904603004456,-0.421048478782177,-0.1701104775071144,-0.4427065566182137,-0.19884578287601473,-0.13372770696878433,-0.24132929295301442,0.344958981871605,-0.3421474099159241,-0.4624977009370923,-1.1499091386795044,-0.05646331328898668,-12.898234970203518,-11.05704573968345,-5.422438301764667,-12.898234970203518,0.2971646613626441,1.3582037214970077,64
5,0.16978133488446473,0.590810951590538,-0.7921112716197968,0.6586207866668701,0.08313307911157608,-0.3627727270126343,0.2163008943200111,-0.7281312391161919,-0.07227488160133366,-0.20127081423997883,0.2577186048030853,0.6505075022578239,-0.7027021959424019,0.6681751564145089,0.30940324366092686,0.2749815732240677,-0.36655018478631973,-0.686976332962513,0.6956633776426315,-0.5171292051672935,0.47345458567142495,-1.4486570991575718,1.0329270428046584,-1.1209436729550362,0.8294590283185244,-12.149645898481484,-10.013790771081291,-11.194017730260871,-12.149645898481484,0.8294761616852381,0.9209429999565857,86
6,0.12024971321225167,0.608879940211773,0.7875582531094552,-0.4216085642576218,0.32956723570823665,0.3653007671236992,-0.09297227561473842,-0.7326706886291504,-0.026008546352386475,0.15126181840896602,-0.19320760220289235,0.09045901149511337,0.22119323611259456,-0.2638307064771652,-0.305255563557148,0.35300175398588185,0.2781147524714469,0.1866876363754273,0.2640383213758468,-0.22094799280166633,-0.7180093124508858,-0.4993141181766987,0.13998028077185154,-0.7100507821887732,1.1375569235533476,-12.133514231673733,-10.023341194482022,-10.508630968921961,-12.133514231673733,0.6823662955299302,8.095973701443407,87
7,0.18187071140855554,0.6167277619242668,-0.05120173841714859,0.26335589587688446,0.11712217777967449,0.4045700505375862,-0.6051070123910904,0.2975414454936982,-0.5358657509088516,0.7434025153517723,0.7188451632857322,0.45316162258386616,0.15251847058534618,0.14748572409152982,0.49202030152082443,0.09154254645109172,0.5912723898887635,-0.7368110090494157,0.3625878289341926,-0.359031043946743,0.49267784059047703,0.34743738267570734,1.152176734060049,-0.07732384465634823,0.5563231017440557,-12.19491502189263,-10.151027162679343,-9.289120200974587,-12.19491502189263,1.0461891387384261,0.7701180445722445,88
8,0.24618041049689054,-0.01766165047883983,0.6364933967590332,-0.7392734155058861,0.28460440784692764,-0.49172538220882417,0.7725189417600633,0.466470043361187,-0.1939793288707733,0.5843077510595323,0.6995877891778945,0.4705969259142877,-0.78785999417305,0.09291290491819382,0.4558314889669419,-0.05818783491849899,-0.20473801940679548,0.23468211442232123,0.05810539126396175,-0.7909081220626831,-0.30689423680305483,-1.3341794544830918,0.6060014963150024,1.1326388251036406,-0.3387389788404107,-12.204366853134136,-10.151503718983692,-8.88793215659141,-12.204366853134136,0.9027869949454521,1.6471642470774668,89
9,0.12332616304540706,0.7999902385284967,0.6232303102040531,-0.03501585701871068,-0.7879208457518295,0.7542486309186518,-0.7927506754286243,-0.06930190858307217,0.49670852336531524,0.8,0.007685696994045976,0.07983781388650879,0.7351932666913477,0.6759758122015451,-0.334571789544007,-0.7991536444925855,0.19642002515730383,0.7999927634691377,0.8,-0.5615684446182732,0.7441739923467894,0.8015663256575856,1.3203677832135154,1.4603574483874686,-0.7292450953541827,-12.345743174399445,-10.330118038023182,-7.7144626703619394,-12.345743174399445,0.9223189503954025,3.4523303680198825,90
10,0.13979054950177672,0.26799502074718484,0.03615522682666783,-0.6611173808574677,-0.7072907075285912,0.04485834538936617,0.6526966392993927,0.3492715969681739,-0.31915097385644914,0.43359997570514675,0.09588471055030823,-0.30248895883560184,0.21735127121210107,-0.4975994721055031,0.44914105385541925,-0.7609680503606797,-0.6490172371268272,-0.08752322345972063,-0.1514265239238739,0.709464107453823,-0.7515448108315468,-0.3674378078430891,1.286009531468153,-0.7671242533251643,-0.7283774390816689,-12.329642385405265,-10.084104294476953,-6.451796017649207,-12.329642385405265,1.1352718655562188,1.1572942044267556,91
11,0.1081804821267724,-0.36150180995464326,0.4745655179023742,0.4505847185850145,-0.040655961632728554,0.6987591922283174,-0.44286805689334874,-0.24868198335170744,0.6528855055570604,0.7974739715456962,-0.6270096078515053,-0.48685807883739474,0.10306509584188461,0.10836749225854869,0.22961659878492346,0.5379580378532409,-0.6300175741314888,-0.7658575236797334,0.515100608766079,0.42657130360603346,0.7980073481798173,-0.36611006408929825,0.8573102653026581,0.7352704899385571,-0.7256862306967378,-12.874219708959725,-10.81531986893221,-4.741754321032397,-12.874219708959725,0.6854594717810879,1.4947520346477536,93
12,0.23543414566665888,-0.3691072449088097,-0.4377570688724518,-0.5536679312586785,0.7576107069849969,-0.5909327402710915,0.1474105149507523,0.14193168729543681,0.27827131450176235,0.7340389907360076,0.38695082664489755,-0.5397535309195518,0.3935598358511925,0.6323768749833107,-0.027638408541679427,-0.14990010112524033,0.1891043707728386,-0.3588683336973191,-0.686174887418747,0.28970856219530106,0.5626691699028015,-0.7014029882848263,-0.14495312701910734,0.43477169796824455,1.3327282844111323,-13.399631313138126,-10.762297575806292,-1.5304523554536893,-13.399631313138126,0.7814799695738013,2.502639391573357,96
13,0.07722533587366343,-0.6941811844706536,-0.03927740305662153,-0.23158714324235918,-0.49251587539911273,0.2751035377383233,0.39372185915708546,-0.314486375451088,-0.3825237482786179,-0.014458750188350633,0.2686449870467187,0.45884906053543095,0.10828502774238591,-0.4432503774762154,0.5875915527343751,0.12272455990314479,0.10496687889099121,-0.33966745734214787,0.4386935517191888,-0.6868176594376565,0.4882839545607567,1.437493379227817,-0.0621023615822196,0.7867696294561028,-0.3276658868417144,-11.82432183128479,-9.363328977791209,-11.170987970839395,-11.82432183128479,0.29335305962985847,0.7668498079378878,114
14,0.16767998225986958,0.3463957756757736,0.21999500244855885,-0.5647879794239998,0.2789551243185997,0.431569503247738,-0.4261858850717545,0.38650035858154297,0.7969959005713463,-0.28994267582893374,0.6372748628258706,-0.3446168750524521,-0.19326894879341128,-0.13284629583358765,-0.22454016059637072,0.3770575791597366,-0.10340213328599934,-0.6357748225331307,0.006902001798152924,0.07309964597225194,0.3035340934991837,1.1029013553634286,0.013022233732044697,0.12535266112536192,1.3824722561985254,-11.623968206659496,-9.024483148984563,-10.004314139309486,-11.623968206659496,0.844424807511774,0.7142814629068683,115
15,0.0977704018354416,0.4548788189888,-0.7070991486310959,0.33427186459302893,0.28890467733144765,-0.5423738598823548,-0.34137902557849886,0.5132676839828492,0.47730999588966383,-0.35246991217136386,0.7664376452565194,0.34959890395402904,0.6494866147637368,-0.7479380443692207,-0.1907161876559258,-0.18013589382171635,-0.7220620661973953,-0.7096471399068833,-0.7544248044490814,0.7261600464582443,-0.6912998989224435,0.5701483329758048,-0.21244828775525093,1.4709236975759268,-1.2720131753012538,-11.62274433265732,-9.021978036504231,-9.687712490653912,-11.62274433265732,0.9206081364458945,0.6793872933638115,116
16,0.11727294754236937,0.05313680619001393,-0.22217986285686497,0.7018000140786171,0.13330564796924593,-0.4340947806835175,0.6518334701657296,0.3776732996106147,0.7015104219317436,0.13993369191884997,-0.5133583784103394,-0.508166041970253,0.4868887349963189,0.5351462826132776,0.21707215309143058,0.29886571615934376,0.03948137611150737,0.1347018241882324,0.4276346191763878,0.7645922169089319,-0.06059225350618358,0.17692354414612055,0.970147367566824,1.236440864391625,0.9630005266517401,-11.653430549556168,-9.03615823205865,-8.656688366010501,-11.653430549556168,0.4479301790914313,1.0923438703097574,117
17,0.1129650378599763,-0.7842013403773308,-0.34860803931951523,0.15895558744668958,0.2942120447754859,0.5837805226445199,0.057521089911460876,0.23385955542325965,-0.28015222698450093,0.47177976965904245,0.7045062869787218,-0.47206321358680725,0.0439466252923012,0.676351821422577,0.7343823939561844,0.261163841187954,-0.4238008320331574,0.31091079115867615,-0.7055777445435525,-0.006791889667510986,0.6941656306385995,-0.36784524377435446,-0.38137283083051443,0.2761373547837138,0.06540330871939659,-11.742058218756585,-9.011671694618954,-7.107174366678626,-11.742058218756585,0.3693427642291728,2.1249173906993444,118
18,0.1763440389186144,-0.7921494171023369,0.41224744766950616,-0.7013865157961846,0.05675478875637052,0.24800245016813283,0.6438745766878129,-0.7987213030457497,-0.7829904541373254,0.23589954823255543,-0.18327012658119202,-0.08435125052928927,0.3752737879753112,-0.5099819660186768,-0.07456510961055751,0.19429052919149403,-0.3073228016495705,-0.5594628661870957,-0.6052959859371185,-0.17026032060384755,-0.5196467399597169,0.4730529673397541,-0.8574575828388333,0.5345852700993419,0.8906076438724995,-11.877589361466914,-9.245902949135113,-6.90123156822143,-11.877589361466914,0.20212704154225708,2.732408231951769,119
19,0.19564437493681908,-0.5374755263328552,0.6694053620100022,0.584539595246315,-0.03471756726503372,0.6509815216064454,0.12466267794370656,0.4183409303426744,-0.28556262105703356,-0.3761344850063324,0.6176069155335426,0.657368890941143,0.5550260528922082,-0.20517874807119374,-0.5181549459695816,-0.4986874118447304,-0.7466845005750656,0.14288594722747805,0.750491064786911,0.40920953303575525,-0.08344984352588658,-0.8799627609550953,-0.1792122647166252,0.8120735278353095,1.390847459435463,-12.240865493525327,-9.513770290092097,-4.967630644744447,-12.240865493525327,0.5492981694415733,1.5223263706243726,121
20,0.05,0.050646862957956396,0.4777422153894939,-0.8,0.10430913411230625,-0.18338403223614264,0.3927897859016978,0.8,-0.8,-0.7077658649538373,-0.7544739486948873,0.04777226360589937,0.17751194285217198,0.8,0.19479495405135583,0.4025930868323844,0.4028599951674783,-0.3530972844220786,0.08685398313163795,-0.7066505652738925,0.6911634788396039,-0.8242938887433275,-0.9940380086883548,0.7431651746798162,1.5,-12.24129313751131,-9.138774901177289,-3.889209489530703,-12.24129313751131,0.35278364740237084,1.7593805463217111,122
21,0.0905931830406189,-0.1721669718623161,-0.015919978916645094,0.22600493282079692,-0.3488060012459755,-0.42928390055894855,-0.1626912817358971,-0.23908204883337025,-0.7274817064404488,-0.7957414641976357,0.14311408251523972,-0.5826135098934174,0.3956674650311469,-0.14769383221864696,-0.7886889800429344,0.373086865246296,-0.23656490147113807,-0.07428689152002332,0.6799550473690033,-0.5562854453921319,-0.6576874151825906,-1.353903478011489,0.6127660106867552,-0.24713133182376623,0.34727843105793,-12.95311539688807,-9.456084581160766,-1.1012034576120133,-12.95311539688807,0.4566324186304885,1.3954126308279233,124
22,0.10445940084755422,-0.6116566240787507,-0.05892744213342671,0.4834763690829278,0.35686949640512466,0.4855122953653337,-0.7156013727188111,-0.5911960721015931,-0.015152077376842543,-0.30815491229295733,0.598399256169796,0.09647190123796467,0.0018765851855278015,-0.37777925431728365,-0.5989667743444443,0.07545446306467052,0.43271285444498075,-0.3351057901978493,0.5915264591574669,-0.5237830445170403,0.2901027426123619,-1.4294110340997577,-0.5792693998664618,1.220323909074068,-1.0656645745038986,-11.117310979345268,-8.00261193173002,-11.035818829846432,-11.117310979345268,0.5063552644379697,0.3588878823691739,142
23,0.07198620010167361,-0.23352457731962206,-0.26307074129581454,0.21375480145215997,0.6785545870661736,0.7910527974367143,-0.6709570094943047,-0.08661194294691088,-0.19315328598022463,0.6801555514335633,-0.357527668774128,-0.3266245752573014,-0.27856046706438065,-0.23948261439800267,-0.7788133755326272,-0.09337812960147862,-0.35212436169385913,-0.4357628345489502,0.36397315263748165,-0.4981696158647537,0.2426489636301994,-0.3090355060994625,-0.08900399878621101,-1.1931521985679865,1.2152611250057817,-11.133010919725052,-8.041976779686472,-10.914150279279625,-11.133010919725052,0.31397501729047395,2.1014742219662956,143
24,0.13667725697159766,-0.2545309782028199,0.1798152759671211,-0.6566508948802948,0.1065856531262398,0.5551147684454918,0.28646663129329686,0.34469309896230693,0.04323626458644869,-0.12445835024118423,0.6393967866897583,0.32592052072286615,-0.009458744525909446,-0.693341001868248,-0.15518202781677248,0.1701316088438034,0.08670009225606923,0.21182772070169453,-0.4749354049563408,0.3239732846617698,0.10834522396326063,-1.0881697749719024,-0.7942603379487991,-0.32497298531234264,1.1142541095614433,-11.243217909805237,-8.281290315064085,-9.328717004640549,-11.243217909805237,0.6418980783361697,1.5291754109965285,144
25,0.11667695697396994,-0.4582303747534752,0.556680002808571,-0.6155209213495255,0.5282927110791207,-0.05458401292562487,0.5760396704077722,0.2562861099839211,0.2718157857656478,-0.6048843815922738,0.1242825642228127,0.41765226721763615,-0.3090550020337105,0.2947947084903717,-0.546949428319931,0.4428432732820511,-0.2554525971412659,0.37724970579147343,-0.27721163183450703,-0.5870674893260003,0.3715500071644784,1.189386541955173,0.15432951226830482,-0.52136355265975,1.348152025602758,-11.152029598502473,-8.069879840570517,-8.683816155494965,-11.152029598502473,1.1099575274417697,1.0831582833899176,145
26,0.1356969356536865,0.6588120251893999,-0.6396693751215935,0.7695905253291131,0.5054521590471268,0.1320014268159866,0.1606476485729218,0.21432229727506646,0.5854183122515679,0.6328719183802605,-0.24716843217611317,-0.24826107472181325,0.7818234324455262,-0.12720668166875837,0.6870128214359283,0.7137635573744774,-0.22073392868041997,0.051298548281192735,0.22373408824205399,-0.12768637388944626,-0.22242983728647236,-0.6414674492552876,-0.32980475574731827,1.1046778997406363,1.4788751872256398,-11.541336307586674,-8.658824302469087,-7.369355055705448,-11.541336307586674,0.27273638968435043,1.278399423313452,146
27,0.11384282372891903,0.44919466972351074,0.16186988204717634,-0.36876386702060704,-0.14402732998132706,-0.30022717565298085,-0.41889903843402865,0.15239424556493764,-0.606167908012867,0.013101354241371155,0.5013375476002693,-0.790056473016739,0.3073877602815629,-0.7223701640963555,-0.046075527369976,-0.15629293620586393,-0.39839537143707277,0.4219926968216896,0.06756186187267299,-0.7326041877269746,0.12422332912683487,-1.4274682207033038,1.1232146071270108,0.49324440490454435,-0.8380042528733611,-10.638597793765326,-7.058280394634697,-11.511189059972708,-10.638597793765326,0.37449260131052065,0.3486695671066677,170
28,0.05,0.8,-0.6625184060847005,-0.21263735675145323,0.427596011174769,0.8,-0.8,-0.8,-0.7647385379353305,-0.7556576891520055,-0.8,0.8,0.520664625130453,-0.5259800487835324,-0.8,-0.15136533935564012,-0.8,0.8,-0.8,0.7275564919090138,-0.1975301208225041,0.0022002067274669024,1.5,-1.5,1.5,-10.67553959178982,-7.194980233599206,-10.810619166534675,-10.67553959178982,0.422969226336722,1.1044157987051548,171
29,0.08496692385524512,0.389194132387638,-0.6536324933171272,-0.5057727813720703,-0.7552795052528382,-0.32255564928054814,0.7116316214203835,0.2626715034246445,0.6942255347967148,-0.025418685376644157,-0.26685071885585787,-0.03668709248304369,-0.5739288166165353,0.3645458027720452,-0.7493515431880952,0.3294588521122932,-0.7307465746998787,0.37122190594673166,0.5161079362034797,0.2725746989250184,-0.19899307936429977,-0.14591751247644424,0.3848898857831955,1.4494095426052809,-0.23999943025410175,-10.751037961745727,-7.367365330353601,-9.987425448522217,-10.751037961745727,0.6959875523085163,2.138054902994117,172
30,0.1748609459027648,-0.2718510746955872,-0.6685150280594826,0.0017199635505675825,0.34404281675815573,0.2130867376923562,0.42433226406574254,-0.684567053616047,0.5468435168266297,-0.7823176503181458,-0.0728420346975327,0.7178961887955666,-0.3656331285834313,0.5203305989503861,0.6420443654060364,0.28691270053386697,0.7951702773571014,-0.46154861599206926,-0.5734802395105363,0.2624539226293563,-0.2836043179035187,1.2643951512873173,-0.496886121109128,-0.39501663856208324,0.20499220490455627,-11.050890039872407,-7.8876585230051806,-8.802795913794027,-11.050890039872407,0.966936361069787,3.5972154053707768,173
31,0.1791774107143283,0.7011824190616609,0.006299933791160561,-0.2579078122973443,-0.46623988747596745,0.19444913119077678,-0.7510152056813241,-0.4916248545050621,0.3423456013202668,-0.4464542239904404,-0.5907938599586487,0.3110528022050858,-0.37713091224431994,0.08218677192926405,-0.569980175793171,-0.405010761320591,-0.2393281474709511,-0.23973222523927695,0.4393844321370126,-0.3243381261825562,-0.7731989681720735,-0.6202212665230036,-0.3263361845165491,-0.5150977559387684,-1.4937374163419008,-12.285566770744534,-7.846272241373129,-1.1001469102195924,-12.285566770744534,0.8124846184405748,2.2568765805330546,180
32,0.0811090985313058,-0.5570489287376404,0.7370478883385658,0.3666979357600213,0.16705598235130314,0.726155124604702,0.052242730557918504,-0.5137484475970269,0.5032921552658081,0.6535545215010643,-0.23546149283647544,-0.6395084083080292,0.331506760418415,0.15791926234960552,0.33333120048046117,-0.7798528239130974,-0.46027346998453145,0.480812342464924,-0.16452481001615527,-0.564309921860695,-0.4754931554198265,-0.6241050409153104,0.504789057187736,0.4783464018255472,0.23204895481467247,-10.040381560486152,-6.035527643628261,-11.00079143637937,-10.040381560486152,0.47276760818392344,0.8064008328239761,198
33,0.21124957203865052,0.3029239162802697,0.5229660838842392,-0.6777736082673074,-0.7122212991118432,0.0792851790785789,0.24366291761398307,-0.20534614920616157,0.06653386801481243,0.6587957546114922,0.7376109197735787,-0.5462234601378442,-0.13972841054201124,-0.29419588297605515,0.6440088242292406,0.7238016307353974,0.5225677698850633,0.4147743239998818,-0.766112819314003,-0.38512747138738634,-0.1788152515888214,-0.13270856067538261,1.0686431284993887,-0.749398578889668,0.7713169651106,-10.31068659180177,-6.549218232352053,-10.548526902263017,-10.31068659180177,0.7612592033749759,1.0376540824448781,199
34,0.20939159225672482,0.46878104209899907,0.04417991638183594,-0.5761198058724404,0.05155724287033081,-0.2753458291292191,-0.5542946428060532,-0.05463991761207576,0.18620289862155914,-0.5415834054350853,-0.1455906286835671,0.7068146988749504,0.5807071566581727,0.46259844750165935,0.6058073475956918,-0.26282303333282475,-0.008660261332988695,0.1607020556926727,-0.6533607378602029,0.6876080736517907,0.5167503446340562,-0.08905092068016529,-1.4473238792270422,0.8383798655122519,-0.4087290270254016,-10.07770355158891,-6.15177556138785,-9.576368265646629,-10.07770355158891,0.9212271094395521,2.278628127125773,200
35,0.08368523671465722,0.48228193749406034,-0.8,-0.8,-0.8,0.8,0.8,0.8,-0.8,-0.22217701739645446,0.23941300549822775,0.8,-0.8,0.6642447568505749,0.03782896774498956,-0.8,0.8,0.8,-0.24702812006920094,0.18751049568213052,-0.8,0.48231598463479197,1.5,0.6277061490713574,1.5,-11.926097898634332,-6.3855987105971135,-0.25409461298916847,-11.926097898634332,0.6508835134672156,1.1291791679370353,209
36,0.11482943780720234,-0.03785152137279513,-0.6217728510499001,0.25748512893915176,-0.5428147912025452,-0.7860848844051361,-0.7462789714336395,0.08159373253583913,-0.3733625203371048,-0.7293730527162552,-0.11229216456413271,0.6872502177953721,-0.48580405414104466,-0.05705774128437047,0.7150156036019326,-0.7002582862973213,0.10742727369070049,0.6645893827080727,-0.6187051922082901,0.515931424498558,-0.20711325556039817,-0.2304374137893319,0.0026863636448979378,-1.311412202194333,-1.2028996981680393,-13.184652692231456,-6.051660099919643,3.924695012912784,-13.184652692231456,1.3865740912344522,1.5499141183809833,213
37,0.05512604843825102,0.2574063435196876,-0.33101509064435963,0.3878922954201698,0.6731178387999535,0.04174508750438688,-0.4461390867829323,0.47638344466686244,0.6111808836460113,-0.4704325646162033,0.09410145878791809,0.4068648427724839,0.5444200783967972,0.34019766598939905,-0.5114487871527672,-0.40742405056953435,0.5408145204186441,-0.6762564495205879,-0.19421247541904452,-0.16299373507499693,-0.42960881143808366,-0.10560344438999891,1.0874863341450691,0.8702390268445015,-0.7567794565111399,-9.460130490285996,-5.035362627692932,-10.981865588274077,-9.460130490285996,0.5450105402855833,0.8718748623960013,227
38,0.11936963927000761,-0.5737388998270035,-0.5008467033505439,0.6069173291325569,-0.0789705365896225,-0.5444412484765053,0.4301313787698746,-0.45123926997184755,-0.45016836524009707,0.5083763092756273,-0.39002861082553864,0.37241673320531854,0.13287398666143413,0.33490216583013543,0.4127023637294769,-0.05435684025287624,0.5003711208701134,0.6993297651410104,-0.500491513311863,-0.5467592418193817,-0.08790582567453387,-0.8931701928377151,-1.366796912625432,-0.01245356909930706,-0.41038330737501383,-9.64980003462877,-5.388199541052955,-9.087545923233813,-9.64980003462877,0.5524647960591877,1.0274270452572447,228
39,0.052586014755070215,0.18141208440065382,0.5633056730031967,-0.4313841849565506,0.10094856470823288,-0.5215214103460313,-0.11560960114002228,0.4020313203334809,-0.6400239989161491,0.6058811143040657,0.6770610496401788,-0.45189398825168614,-0.6086329579353333,0.7340800657868385,0.7240158900618554,-0.2883682116866112,0.38492317944765087,-0.6113697782158852,-0.4229508548974991,-0.44326820224523544,-0.10545510202646258,1.3491113176569343,-1.3292008889839053,-1.3322591492906213,-0.6332724457606673,-9.827562625186076,-5.6730177582951,-8.809164083402843,-9.827562625186076,0.35327151250450745,0.8950626812635872,229
40,0.2048497635871172,0.1422721922397614,0.3267794311046601,-0.1251003459095955,0.5141810804605484,-0.04268678873777387,0.6693924725055695,0.4844448015093803,0.690254807472229,0.7203926697373391,-0.35535990446805954,0.24660243093967438,-0.025434868037700675,-0.7418100565671921,0.5031888484954834,-0.5169398948550225,-0.4022875353693962,0.17517737150192259,-0.5649334102869035,-0.6746980711817742,0.7851040452718736,-1.0315808085724711,0.17696154210716486,0.48571049608290195,-1.2100340779870749,-11.187183424606292,-5.541445146910027,-1.5323905782333993,-11.187183424606292,0.7428245745736358,1.2019721705087398,236
41,0.06526972372084856,-0.5071275219321252,-0.6857362851500511,-0.018665429949760393,0.7929409056901933,0.5703902453184129,-0.19413690418004992,0.032903119921684265,-0.05637630969285967,0.13672713637351985,-0.17991455942392354,0.4973563045263292,0.6717265620827675,0.24474455714225773,-0.6526964172720909,-0.341014812886715,0.4408717453479767,0.5563868820667268,-0.12269975244998932,-0.6843304947018624,-0.18367039412260056,-0.4852050505578518,-0.7121920539066195,-0.8673204788938165,0.15151508431881666,-12.53008071743303,-5.629092520263015,2.435614771620262,-12.53008071743303,0.36972586625178716,1.8075550886861467,240
42,0.22051398549228907,0.7178847938776016,-0.23002610802650458,-0.7184387758374214,0.578151074051857,-0.3761630013585091,-0.3289161592721939,-0.5291279315948487,-0.28921551704406745,-0.7916080430150032,-0.43315356224775314,-0.675019346177578,-0.1757637813687325,0.21229458004236212,-0.2777119025588036,-0.32953004240989686,0.39924620240926734,-0.03325045853853226,0.07529010623693466,-0.39271278083324435,-0.3606100767850876,-0.9094221582636237,0.8017057282850146,0.02590172365307808,0.9345207894220948,-15.546314864379763,-5.681068404698599,10.84338183690715,-15.546314864379763,0.39241284772501117,1.2061911176278282,248
43,0.08389298655092717,0.7068874388933182,0.5187139004468919,0.17278672307729726,0.7658035829663277,-0.44311930388212206,-0.5660505264997483,0.08770529627799983,-0.7988773852586747,-0.1025917589664459,0.25409747213125233,-0.2685662880539894,-0.24444465339183807,-0.17715040296316142,0.5125356689095497,-0.015012592077255249,0.4813491046428682,0.6839003518223763,0.17635454535484318,-0.23121158629655836,0.034549950063228585,1.4372372142970562,0.5365795427933335,0.6589832492172718,0.021501333452761173,-9.089061244270782,-4.39800448856669,-11.143196281146835,-9.089061244270782,0.475732611168028,0.8333615601784915,254
44,0.08992249897078887,0.04891542499950208,0.46659566239653505,-0.8,-0.45094454539355,-0.2618719556134095,0.04255833713829138,0.7721188370712739,-0.5452752590258547,-0.5070775331611768,-0.6931874487399695,0.05213799059414492,0.18511643840790026,0.8,0.6019927013904001,0.20941730376418577,0.6625716418382781,-0.11134319521835712,-0.32025659355935354,-0.7043588262780716,0.7391548535603378,-0.7579313574684535,-0.5565700852679731,0.6465646625215133,1.1221044298844212,-8.842832870458627,-4.028097492478159,-10.855706734172005,-8.842832870458627,0.37375466603487123,0.8608196519196566,255
45,0.23601156193763018,0.7679633662104608,0.37869642376899715,0.46650954782962795,0.3555985987186432,-0.12040687501430514,0.22471653223037724,0.024060122668743134,0.7485764309763909,-0.024060428142547607,-0.7759815320372582,0.43596798628568645,-0.4151404395699501,0.19754541218280797,0.708309492468834,-0.7933775067329407,-0.30507294535636903,-0.10455263555049898,0.03732361197471623,-0.06175658851861954,-0.6548223525285721,-0.9578301217406988,-0.9813016830012202,-1.135554607026279,0.9447385836392641,-9.2331948347649,-4.710219705191834,-9.591291575113464,-9.2331948347649,0.6334114890944323,1.3065097436414097,256
46,0.2188511911779642,0.06040128022432323,-0.7027574867010117,-0.4167730286717415,-0.23306389600038535,0.17846812307834625,0.4684541285037995,-0.7800265431404114,-0.35726630538702014,0.4087711587548257,0.22505104392766961,0.465301088988781,0.5417432427406312,-0.43051425367593765,-0.27207830846309666,0.6842374682426453,-0.6820257723331452,-0.592053547501564,0.1879330843687057,0.6831845223903656,0.74689439535141,-0.7654226208105683,-1.181768269278109,-1.4332452518865466,-0.5221975659951568,-11.253033808185922,-4.714938502593888,-0.28003480105398304,-11.253033808185922,0.7815581931297633,0.7788555994827645,265
47,0.12764235436916352,-0.36339906603097916,-0.13725675940513615,0.6652468189597129,-0.4572695821523667,0.04663263708353038,0.332350878417492,-0.5380150884389878,-0.6348025739192963,0.21540144979953757,-0.47365093380212786,0.48360722661018385,0.23562147021293645,-0.7269625172019005,0.08356980085372923,-0.5332092016935348,-0.7316247701644898,0.7147673904895784,-0.3481428071856499,0.35783624351024623,-0.22636693269014363,1.3777993451803923,0.6833329517394304,-0.6426296643912792,-0.17703473567962646,-8.234138747975441,-3.096383372045608,-9.144940176145914,-8.234138747975441,1.385750555769133,1.0775700839890068,284
48,0.052138011146011805,-0.1380578263643033,-0.5872243878887111,-0.6672633533774256,0.22752250116996775,0.5586628808655862,0.2924622903641596,0.25961460393859026,-0.3308079144899056,0.13430095662407793,-0.4427678473422993,-0.16241384898680866,-0.6024585871357393,-0.3741487689429347,-0.6811387681910293,0.10386252475761037,-0.219595747108274,0.00652510830225006,-0.15927357252283547,0.7977948331216664,-0.30858819409812244,-1.3503363350581317,1.1828340737759726,-0.8718095642640336,1.1071372137436413,-7.751240822807132,-2.366314434004409,-10.60428981255965,-7.751240822807132,0.47915091340745036,0.9697473366998834,311
49,0.09176653511822225,0.6903180405497551,-0.14234825372695925,0.4815980777144433,-0.08461379408836367,0.5795978695154191,-0.7717007368803025,-0.3954910531640053,0.2534044727683067,-0.2144077718257904,-0.3280830904841423,-0.44995343983173375,0.735167096555233,-0.2877261698246002,-0.2565361335873604,0.3853862896561622,0.6017207339406014,-0.29886002093553543,-0.5516947209835052,0.21413457691669469,0.09751563221216197,1.1712910998612642,-0.8206826085224748,-1.2541145542636514,0.8684566039592028,-8.077087245234964,-2.775942401264729,-8.44904534969345,-8.077087245234964,0.7149671583196032,1.7092684241462948,313
50,0.06853756152809128,-0.03486278660945352,-0.40237804413747635,-0.2881432998503425,0.27124814850842616,0.5769567647524736,0.14776822576541337,-0.28228599287237544,-0.70904564469563,-0.3670559627998662,-0.08969767891994085,-0.017962399312535182,-0.2729581546921276,0.010655172998667028,-0.3895680540518943,-0.5317210424618548,-0.12319498991485389,0.6114094307735967,0.020783257993138404,0.6038232748976682,-0.1699958739912072,-1.255358478044498,0.3627991536707662,-0.2694281033567121,0.7821349334933618,-6.898038782970145,-1.1069680112530567,-10.968122275901736,-6.898038782970145,0.4248875111234515,0.9393696882397039,339
51,0.23475162498652935,0.010382217168807939,0.6510325461626054,0.7685667306184769,-0.40737427920103075,0.3242785021662713,-0.5853490680456161,0.2733756825327873,0.6041584044694901,0.3755497366189957,0.18378557413816454,-0.6231276497244835,0.055435413122177146,-0.7659483850002289,0.7418728664517402,0.24500570893287654,0.6136979088187218,-0.47072857767343523,0.14928233176469807,0.5655078664422035,0.24355123639106746,-1.095260851085186,1.348263599909842,0.2885279394686222,-0.6056839954108,-6.960051256699209,-1.2354899277416673,-9.071299598895278,-6.960051256699209,0.69899705743516,0.8977020082002289,340
52,0.15138679053634407,-0.32554820626974107,0.2925400510430336,0.5432963252067566,-0.4001320913434029,-0.35162266790866853,0.6128195792436599,0.5799046635627747,-0.0009707555174827132,-0.4941337585449219,0.1468263149261475,0.1991067171096802,0.6514731824398041,0.6066874369978905,-0.18556952178478237,-0.1134880021214485,0.5154381468892097,0.07121052891016011,0.19814006984233856,-0.2953737393021584,-0.24681331813335416,1.344128916040063,0.7693839780986309,1.3422769429162145,1.062747529707849,-6.940083972073957,-1.0250559491182498,-8.035644400960528,-6.940083972073957,0.6642251014770668,0.6711266474203094,341
53,0.11010527946054936,-0.15876662284135823,0.24540405422449107,0.797498942911625,0.21150273233652106,0.6475700303912164,-0.5409705579280853,-0.37659118175506595,0.680605624616146,-0.44118825495243075,0.08239452540874481,0.005948899686336495,0.19390973895788188,-0.37149074822664263,-0.058929856121540114,0.4985612958669663,0.3777905076742172,-0.25567209869623186,0.2409236162900925,-0.52617377191782,-0.27027093023061755,-0.1288220090791583,-1.2654177071526647,0.7129678213968873,-0.5322739826515317,-7.2368924308297,-1.0710449782145273,-6.85956957531558,-7.2368924308297,0.6354438431302424,1.0018561802971906,343
54,0.08301520068198442,-0.4733883395791054,-0.7804269790649414,-0.3612086653709412,-0.416378827393055,0.27208888679742804,0.10398935377597807,0.31876477003097525,-0.32494342029094697,-0.5566055625677109,0.05101470351219173,-0.19432321935892105,-0.10768780559301372,0.024878150224685647,-0.20543169081211088,0.3167584434151649,0.30909812450408936,0.19586745500564573,-0.6381920740008354,-0.5054481998085976,0.7591335579752923,0.3285302370786667,-0.9679889185354114,0.0672433041036129,-0.7940852455794811,-7.719565770485634,-1.0926635222857752,-5.3742898464371915,-7.719565770485634,0.5729976025401403,0.7081944206000574,344
55,0.21499341651797294,-0.6925739586353302,0.6814758658409119,0.25567669868469234,0.44474940150976194,-0.5701840087771416,0.3215899735689163,0.03109814375638964,-0.04209004789590831,-0.28691307455301285,0.2694491475820542,0.26245843470096597,-0.3528158336877823,-0.6497628763318062,0.6576199769973756,-0.23149968385696418,-0.5019632935523988,-0.2574629202485085,-0.5425923734903335,-0.17875275313854222,0.22661684155464168,-1.4107697121798992,-1.3016671724617481,-0.4827946191653609,0.5064879124984145,-6.416816721853431,-0.5503417422441157,-9.864178031850184,-6.416816721853431,0.27637656755663625,0.37843006329805184,368
56,0.12150955554097892,0.16321392655372624,0.26717052906751637,-0.7197589248418809,-0.48399196118116383,-0.16765358150005338,0.7043856143951417,-0.5835639595985413,-0.12047535032033918,-0.24991842210292814,0.7978065475821496,-0.2502748653292656,-0.6614889398217202,0.49455054402351384,-0.3449221730232239,-0.6107699051499367,-0.7906568408012391,0.4388133004307748,0.35091235488653183,0.7047051042318344,0.3801746860146522,-0.44906155206263065,-0.5068563614040613,0.8078225841745734,-0.0250482726842165,-6.7039393281603274,-0.5713278451226299,-7.615569896849182,-6.7039393281603274,0.4888239184352446,0.324264073784354,370
57,0.15846650693565606,0.5215737581253053,-0.3232363656163216,-0.379172857105732,0.21503395885229115,0.7997748985886575,0.17213495373725896,-0.23117080479860308,-0.3981050029397011,0.2222417920827866,0.15236107259988785,0.777139176428318,-0.04303712546825411,0.41265854090452203,0.5937656283378601,0.5646499678492547,0.6951161041855813,0.7808568477630615,-0.5465569883584976,0.5911141052842142,-0.7296763926744462,0.8847949923947453,0.8721410622820258,0.3979360917583108,-1.090204811654985,-6.848288369423184,-0.22441975273312748,-6.3271014849968505,-6.848288369423184,0.3012042443198192,2.6084577860364857,371
58,0.14860401973128318,0.6288273155689239,-0.27080019414424894,-0.29320350885391233,0.7997491776943206,-0.5055461242794991,0.20403233915567398,0.7138218715786935,0.6595881819725038,-0.6435886770486832,-0.14259243607521055,-0.3248917952179909,0.0725370898842812,-0.3794044986367226,0.02142337262630467,0.0223861306905746,0.7422686666250229,-0.15743038356304173,-0.17462193220853806,0.1517483428120613,0.1807008072733879,0.07781131379306316,-0.16901300847530365,-0.3760253470391035,-1.194701911881566,-5.728742117483167,1.435393989535434,-6.38880690770564,-5.728742117483167,0.6698653170150315,0.8245740791399124,427
59,0.09235007427632809,-0.29770614951848984,0.6772329092025757,-0.5952217102050782,-0.47722572833299637,0.10905946344137196,-0.4943680167198181,-0.2635579541325569,0.7237118273973466,0.5306056022644043,0.7359372198581695,0.527426677942276,-0.057528997957706496,-0.5295927420258522,0.5762682661414147,0.5289606332778931,-0.49238334596157074,-0.0375008180737495,0.30283405184745793,-0.037330007553100564,-0.3834310904145241,0.1123010627925396,-0.30369287822395563,0.5505822021514177,1.2566750971600413,-6.427218730290976,1.1759150687760875,-5.310768093792705,-6.427218730290976,0.6184352747467728,0.7672943215929343,428
60,0.08135154955089093,-0.304967737197876,-0.2524266391992569,-0.05994551181793217,0.3708432227373124,-0.06976145505905151,-0.6933808445930482,0.17120184898376467,-0.22857155352830894,0.6422263979911804,-0.6587494403123856,0.3587169602513314,0.5720795661211013,-0.6432931393384934,-0.24514741152524955,-0.6714290663599969,-0.6221299722790719,0.4296333387494087,-0.72514688372612,0.020449019968509674,-0.3454164132475853,0.19640682823956013,1.337932021357119,-1.4738443968817592,0.3860982544720173,-6.6798730241485575,1.7054210641049623,-4.343991389805015,-6.6798730241485575,0.6691614754692292,1.1716517847770238,429
61,0.1328700052574277,0.23885579258203515,0.5762351512908936,-0.3026190221309662,-0.5156308189034462,0.6024182304739953,-0.3185824528336525,0.0392039075493813,-0.4838811114430428,0.7076509207487107,0.235007220506668,-0.05385853201150892,0.011695934832096078,0.3144956514239312,-0.45019664615392685,-0.43055508434772494,0.16714296191930766,0.5889771819114686,0.6838036954402924,0.16906256377696993,0.3611162379384041,0.754869676195085,-0.2016677549108863,0.34943073336035013,-1.2611359264701605,-4.72070529892763,2.915972618279804,-6.445711229540028,-4.72070529892763,0.33469419386231514,1.0169530680502255,455
62,0.20124149676412345,0.5600586280226707,-0.08834674209356308,0.5956352055072784,-0.5006763830780983,-0.7228936076164246,-0.4021319642663002,0.6597096458077432,-0.7918373703956605,0.6451238691806793,0.36753951311111455,0.05200426578521733,-0.7553134739398957,0.5045735716819764,-0.7337551042437553,0.6274799048900606,0.760616734623909,0.46286494880914697,-0.12985998541116717,0.6285499423742296,-0.6487357437610627,0.548597359098494,0.02380489557981491,1.2528020963072777,1.3468757690861821,-7.054869624794792,2.146060353502704,-3.3978615870858486,-7.054869624794792,0.35811194447805766,2.6869241553515733,458
63,0.0880579985678196,0.5647113785147668,0.7504384323954583,-0.338163697719574,-0.7382314324378968,-0.05859837830066683,-0.2899987533688545,-0.31984346359968185,-0.29467548429965973,0.06235784739255901,-0.5446356266736985,0.4916667193174362,-0.42408684939146046,-0.6817588806152344,0.06896912604570393,0.5170643985271455,0.07089351564645763,-0.21375850588083267,-0.031141108274459817,0.7920540913939476,0.5748424068093301,-0.303864698857069,1.2616087552160025,0.9481888934969902,0.7092440323904157,-8.77242848552158,2.80068823451111,-0.25017227833411193,-8.77242848552158,0.7001550042293536,0.7371108382039622,461
64,0.11078846771270037,0.22346079051494594,-0.05866818577051158,-0.5872998982667923,-0.1612936034798622,-0.06842341572046284,0.17959422469139097,-0.00805348753929136,0.20493631809949875,-0.09969892501831057,0.28517416268587104,0.3319497808814049,0.25703405737876883,0.23015938699245453,0.7731148898601532,-0.7940816357731819,0.40007127821445465,-0.5676362603902817,-0.5790794983506203,-0.20042327195405962,-0.5488153621554375,-1.2693843310698867,0.2420970043167472,0.015392960049211979,1.3065049890428782,-7.31140112044784,3.474002021644803,-2.3452921532229674,-7.31140112044784,0.5702222221234254,0.626537944155763,487
65,0.06922520678490401,0.33921321630477896,0.7050399944186212,0.6545662179589271,-0.17960199415683742,-0.18104538768529888,-0.640830434858799,-0.7841692492365837,-0.34102925509214405,-0.7586156934499741,-0.1240227490663528,0.27576308101415625,-0.035337831079959914,0.02654190063476558,0.2679259702563286,0.7937393680214881,0.7735770463943481,0.290984185039997,0.5711151570081712,0.1791175678372383,-0.49145060628652576,-0.1913972133770585,-0.6451420616358519,-0.29871672112494707,-0.13302970211952925,-8.421640099880847,3.6985469978798697,-0.5465762842800628,-8.421640099880847,0.43094302907011856,0.6178589123781061,489
66,0.2179255995899439,-0.5681193351745606,-0.024173040688037828,-0.52494907528162,0.379610924422741,0.09313583523035052,0.6401083633303644,0.053573431074619315,0.006703969836235002,0.03955045938491819,0.4517255678772927,-0.20417335927486424,0.08773798346519468,-0.23075846582651138,-0.470199266076088,-0.4631259009242058,-0.37035806775093083,-0.23016171008348463,-0.0651967197656631,-0.4023876801133156,0.7008193790912629,0.029274718835949898,0.7816336462274194,0.22118058241903782,1.097462821751833,-11.42070680148851,3.7183410058160327,4.7968129296245685,-11.42070680148851,0.46865556056215535,0.2520932835850461,494
67,0.22139401249587537,-0.4530135288834572,0.06828785240650181,0.5038333714008332,-0.6287263453006745,0.5078440293669702,0.7910748928785325,-0.6602026164531708,-0.615086203813553,-0.34875442236661913,-0.6360262542963029,-0.5621042117476464,-0.26391290426254277,-0.3895630657672882,0.5917992800474168,0.027759887278079987,0.4223076030611992,-0.7463811427354813,-0.7382997900247574,-0.46847594082355504,-0.43290105164051057,-0.5064049987122416,-0.6940754586830735,0.7464556060731411,-0.16004878655076027,-11.78819192452157,4.752897317872941,5.657312927078757,-11.78819192452157,0.7613160746886385,1.0838859433785042,523
68,0.06311299894005061,0.10592260807752607,0.14477865844964977,0.1050429418683052,0.39404769688844676,0.14092791527509685,-0.2714435651898385,0.10116453468799591,-0.5141939669847488,-0.6206032395362855,0.5814691036939621,-0.575360542535782,-0.14955992549657826,0.5851044997572898,0.18335524350404742,-0.5969880223274231,-0.650107379257679,0.7051969230175019,0.7722831219434738,0.4673301592469217,0.2976631447672844,-0.7852035965770483,-1.161816137842834,0.18739943392574787,0.5365963149815798,-8.031738173524856,8.508299652011985,-1.0950276841877764,-8.031738173524856,0.3601163930461349,1.0599101054046005,628
69,0.14275075467491258,-0.10010543728880239,0.2775351909479633,0.16394602330815733,-0.2870803386615344,-0.2924713820638839,0.6779606886327307,0.5367042891016913,-0.09627873846859225,0.27533244972015636,-0.3788621432779873,0.020606743173049558,-0.7555046584024558,0.0865927141283882,-0.23623800842512932,-0.6366499153384793,0.6986572119070367,-0.07744306924478594,-0.3056189147587131,0.6465170987518338,0.10028696630093381,-1.1971370248295232,1.4297074462591324,1.0342068017598733,-0.34930178274382717,-12.43562558743995,-8.450460213674619,-1.5161561887824015,-12.43562558743995,0.5587030585469817,1.6006508780512603,152
70,0.09529134240001441,0.4859137848019601,0.48509042412042613,0.09836342334747317,0.059619386494159654,-0.25281841307878494,0.7839756727218627,0.0596083402633667,0.7588460952043534,-0.38283410370349885,-0.6299047857522965,-0.09147621989250188,0.6997368916869164,0.11498827487230301,-0.591670772433281,0.5239751651883127,0.407302089035511,-0.7942129760980606,0.08191643506288526,0.4233629345893861,0.4345518901944161,0.2595902793109417,1.2187879867851734,0.443396246060729,0.9339140318334103,-8.343611864224544,-3.258604455522362,-10.639640400546517,-8.343611864224544,0.5359810786880436,0.8878771389266424,283
71,0.247549644112587,0.08340236395597456,-0.44561321288347244,-0.3155619740486145,0.23013436794281006,-0.6610485345125199,0.7909430876374246,-0.049280998110771135,0.07416273653507233,-0.7458150565624238,0.4656413272023201,0.1742067113518715,0.4917173311114311,-0.5822425529360772,0.6657009497284889,-0.15106344372034075,-0.3936157912015915,0.13923900276422496,-0.7496770083904267,-0.23728655874729154,-0.23669798821210863,-0.6927671190351248,0.45420520193874836,-0.778233116492629,1.4220600686967373,-8.293483385365077,2.669318622544692,-1.1033935167200097,-8.293483385365077,0.46115308742028976,1.2262116645173413,460
72,0.1474530126899481,0.32129743248224263,-0.06164926588535313,-0.5092948883771897,0.6597462251782418,-0.5133872151374816,-0.4287246644496918,-0.6810449674725533,0.5671010702848436,-0.5020032182335854,-0.2862798467278481,-0.09942848235368729,0.029658712446689606,-0.5905091509222985,-0.11445229053497319,-0.6925410985946656,-0.46337989419698716,-0.609418135881424,-0.07014459967613218,0.24405097663402553,-0.5693570047616959,1.435622644610703,-1.439860001206398,1.4915749188512564,-0.5503822015598416,-10.89127132620363,-5.279102896751127,-2.1322447498392263,-10.89127132620363,0.44830979247275793,1.211945859899381,235
73,0.13114334065147593,0.5688990732344354,-0.17073466097094947,0.08421180636435766,-0.4139297155153548,-0.25565381819882593,0.37585756876538845,-0.6630201943431923,-0.5219274996832808,-0.5601970655141901,0.33669632607368993,-0.35837876559267995,0.6392163511096196,-0.24761142721360574,-0.37147660171152214,0.42502796918559094,0.40846112066183493,0.2054878361999064,-0.3491190820592882,-0.1454905822939797,0.24481655529039914,0.8831929094233093,-0.8103172171228245,-0.1375928659523833,-0.4762402705131734,-12.845143041657732,-11.45942396839009,-11.099728052777417,-12.845143041657732,0.8273683187051859,0.8950969102217881,58
74,0.09327720534056426,-0.220077782869339,-0.7318684965372086,-0.3021589949727059,-0.3213963717222214,0.02447322458028789,0.2178308665752411,-0.12427014410495762,-0.42193484455347063,-0.5613565742969513,-0.6862305656075478,0.39649633318185806,-0.07332241684198382,-0.7797605812549592,0.49329466223716745,0.05298859030008318,-0.3917260438203812,0.5811901926994325,0.41558312475681314,-0.31184661686420445,0.6791002109646798,-0.9044684758409858,-0.008465565741062164,0.8082568002864718,0.6261690203100443,-14.052471219158072,-5.80765345384842,6.577787577579429,-14.052471219158072,0.7759208476014398,1.970120361692632,244
75,0.12360112969910125,0.03840984306788342,0.2529057440542428,-0.41859484106532924,0.20212211740225716,-0.3640753492712575,-0.028318912466515078,0.5794390178435231,-0.31543316237544694,-0.13733363492075035,-0.7545476082071375,0.2135511069035143,0.19739575068329596,0.42641881566283657,0.29861590931115733,0.2965172427700544,0.6352386901554798,-0.37887702202961954,-0.3693733586196147,-0.7493965931655543,0.7334866967765628,-0.7654227460515348,0.34068641529576094,0.5604760090031498,1.5,-8.775329113921794,1.8897550435107453,-0.62113331316289,-8.775329113921794,0.37388628457824674,2.192443279727353,433
76,0.09420551028476903,-0.7924952979741485,0.6207666560693528,0.5554061397164425,-0.3905722786568429,-0.31506534605402914,0.09126810909130578,-0.5011565226795633,-0.5851746316240478,0.22844708485943155,0.3129113065997151,0.028037838554939243,0.034856977638034636,0.04575420448448386,-0.5622639679942044,-0.5918877213962607,0.5404394547045903,0.3264876643275736,0.5723478626467329,-0.6699148144526206,-0.44940181888404407,-0.9927884232962366,-0.3339549141156761,0.8172264077217979,0.9375065638895754,-11.118286318845042,-6.029870528045111,-2.521882238120837,-11.118286318845042,0.30371702988182137,1.3895107883166475,207
77,0.10665404626420759,0.6128384057795306,-0.8,-0.055357739650766735,-0.44993409250921057,0.08808630595939615,-0.3627557343475787,0.16047664802018458,-0.5530195698753493,-0.8,0.14467870711341813,0.3692552112170917,-0.7586645588313473,0.19071328851578806,0.03553385900913464,-0.13647975802635748,-0.2996189485767945,0.14239350197878498,-0.025503469564527315,0.5031232465242859,0.06388557225565206,-0.1546267444077083,-1.5,1.5,-0.005085355194979213,-8.49016358429888,-3.422417172986805,-8.484439089724413,-8.49016358429888,0.4384316809325148,0.777955390026247,285
78,0.10456231885529206,-0.8,0.8,0.8,0.8,0.8,-0.3246705399223688,0.8,0.2602144396242849,-0.8,0.8,-0.7134589916588399,-0.162263780707956,0.09989412528760844,0.8,-0.8,0.8,-0.8,0.05723543998863667,-0.8,-0.8,-0.7102925727310749,-0.08906811264358327,0.634998806505565,1.5,-7.235361722642473,4.721926900105433,-2.107733397698206,-7.235361722642473,0.33835952549193316,1.851572775427544,515
