,solution_0,solution_1,solution_2,solution_3,solution_4,solution_5,solution_6,solution_7,solution_8,solution_9,solution_10,solution_11,solution_12,solution_13,solution_14,solution_15,solution_16,solution_17,solution_18,solution_19,solution_20,solution_21,solution_22,solution_23,solution_24,objective,measures_0,measures_1,threshold,pos_0,pos_1,index
0,0.05,-0.10874373592284574,0.13931627981677652,-0.12833197034250451,-0.17810788131380928,-0.13589554850643135,-0.04357619760473743,-0.020901574848701164,0.16201701129931848,-0.22218997034497537,-0.3571335557751107,0.03036919134862498,-0.11966016289111307,0.08023055298345008,0.016987570638977843,-0.11284540180527143,-0.08666135396150558,0.058541638069305686,-0.3382059553907954,-0.040222321799200225,-0.35217043478652377,0.008639121644980619,0.1773804020782492,0.32713336731887266,0.2041423203514416,-13.913025127877042,0.19036038921136944,4.286981346729189,-13.913025127877042,-9.587069925307409,-9.350690636293788,88
1,0.05,-0.019943341328438786,-0.04272303486235205,-0.21815477981793382,-0.02612316848466219,0.14263894311374217,-0.013268689885654812,0.07834844850058692,-0.06243098766182234,0.3999116697998555,-0.07957802784033824,0.13956387873945786,-0.15639515928907544,0.1523537531651487,-0.03366181791365018,-0.06885050342696543,0.049046906370246265,-0.07046316680035505,-0.0807474162530741,-0.20530918566163167,-0.03665513475843606,0.20438876679438941,-0.0406342265131137,0.053160711173470813,-0.06260156704460824,-14.433360252540957,0.20724602072734413,2.687927621821571,-14.433360252540957,-10.627906361135233,-9.050366732274197,114
2,0.05,-0.03499832745496878,0.10042298966817927,0.08918977036776196,-0.0734327964977446,-0.014318849629862525,-0.03554647363243509,0.10085003973253247,0.007899801087490416,-0.16486080491000232,-0.1373404993066642,-0.13122822293463735,0.008767993302752916,-0.30575778897724265,0.1577121410816945,-0.045380931726411576,0.48740984341577637,0.22648720992467597,-0.05485769341922591,0.04255099999172009,0.12104009485124678,-0.1673011471417139,-0.0032995582307669214,0.05138992886470369,-0.2716872580624322,-13.739056966452347,0.4213196175872473,-1.0,-13.739056966452347,-8.996455933155534,-7.056491313470564,224
3,0.05873707339153762,0.15560259023413667,0.1441514690523461,0.019638592025226664,0.17218357837559878,-0.014826341052395386,0.12257771442039422,0.2615092921281773,0.11987169769141567,0.16871434190332024,-0.20254893866242504,-0.31346112312484914,-0.3399940272090306,0.12423368439357117,0.472404520123476,-0.19569304518997868,-0.051859021449121995,-0.1346378271415027,-0.2709035883452251,-0.4271260590579481,-0.15447637615620857,-0.470735861215806,0.5139968136368818,-0.026761363706759633,0.007600105650759914,-13.937461289626004,0.49414020017726834,2.674304752539097,-13.937461289626004,-9.63404789314438,-9.299735938688116,254
4,0.05,0.18270979077151422,0.13064209783330355,-0.11078041682456727,0.18929660023456624,-0.04491620220968162,-0.09132484694220716,-0.14424303650353312,0.0483474120129452,0.2076437751210369,-0.05122748746166364,0.12094950779777948,-0.19034997555314231,0.12507140559425906,0.31093338034727225,-0.13450901613028102,-0.011870324541277226,-0.04469761698439961,-0.10659795780445466,-0.16695869517938813,-0.08488828637329876,-0.5618685378904894,0.20198355871762325,0.5375272062801003,-0.09404441232497397,-13.989077684020975,0.4639860081742324,5.038770624841373,-13.989077684020975,-9.743584357129306,-9.539234746080801,257
5,0.08048367853841998,-0.05730571464427785,-0.3072669321904892,-0.0897058324289835,-0.4822220424151194,-0.12014716913405207,-0.23221484720540594,-0.12782269175120167,0.45174333181686205,-0.4143969865121859,-0.3025250598657856,0.07535836046945685,0.30984043178487525,-0.07189504101608828,0.001088594959784344,-0.5380430488941012,-0.07316228574901223,0.24879157546682504,-0.32825481902505005,-0.3538567756177361,-0.38755711462997094,0.6773738052215944,0.2630721412579078,-0.13074645335118293,0.13983452046892897,-14.431216365743843,0.11224705682806117,2.816834357114172,-14.431216365743843,-10.622476989863989,-10.673921999996555,58
6,0.05,0.29702098185995424,0.13840654163141125,-0.2510032769940849,0.11336004153065368,0.44789057685869055,-0.14251445325836692,-0.07315378484047547,-0.06975367767032253,-0.14878470144605038,-0.07671568089992664,0.202243061903152,-0.17712166303357746,-0.23798930058851872,-0.08279198851221062,0.07517748124952284,-0.022888034484000758,0.1598383688982246,-0.00109433790587288,-0.09255664773142006,0.18787314971806063,0.42423582243672847,0.057445104940522865,0.11840013575090899,0.295356424819709,-14.29078651927367,0.1277028433578615,4.212340426894648,-14.29078651927367,-10.354493195822238,-9.68474456057142,60
7,0.11780262295281743,-0.004684515405539269,0.22803817304578752,-0.047561676007566014,-0.22825815643036224,0.0976797857081694,-0.24359985128546344,-0.1367808945324026,0.2911821748361543,-0.3106114135590935,-0.09188076014103459,-0.11420494469694399,0.2332136098625529,-0.05453391363844763,0.1738692185267398,-0.4491375972926329,-0.32898140733736997,0.39694769847692446,-0.2624458609672039,-0.07676202480012506,-0.47702085323577276,0.08171054436122072,0.7050052482020019,-0.04093272307997459,0.07142128886170102,-11.841705635570651,0.15011737342773032,-1.0,-11.841705635570651,-5.742721361202647,-9.766269596047325,84
8,0.05,0.3964055787250602,0.28023477581790707,-0.19100205777858015,-0.2215720440285951,-0.20699620313777595,-0.6894353781259335,-0.013728358011089223,-0.192645159325393,0.5523123014249108,-0.11496724147162976,0.48672453233288615,-0.13532041810815454,0.4275129647635145,-0.06240026850237043,0.2014027632238765,0.6537079206409186,-0.552595768778527,-0.41211621628274403,-0.5964093613527903,-0.4415833045522487,0.4757317032158603,0.13285172815098822,0.30185174270254456,0.3408860516482573,-13.386400942594813,0.26405103518356493,-1.0,-13.386400942594813,-8.542849810225876,-9.045753780650323,140
9,0.05,0.04049541235340323,0.09277846969662462,0.00830949191640215,-0.19268291014011885,-0.009775109922548784,0.004965402742022999,0.16825281597139258,-0.0916477149304145,-0.4130662152421878,-0.2287510631854774,0.165214122547118,-0.049866356584403485,-0.4465436891367952,0.14100872730832614,-0.18862686710413284,0.21909954513217372,0.14396315624781458,0.003953609616291209,-0.036460585601763296,0.016669827216310898,0.034677000132845054,0.48267544560419445,-0.29641594412075833,-0.29161332067947343,-14.074083372327124,0.4412085274668649,4.675353393940923,-14.074083372327124,-9.90121302074108,-9.138033374509805,228
10,0.05,0.0401170160200319,-0.05416977904931743,-0.2093447845085108,-0.24297395450420203,0.11943127126897407,-0.2790914433065035,0.10454717981066391,-0.15553844154879226,0.4860723732852688,-0.020961371412860093,0.3499249246440924,-0.1881946667177086,0.32261326571721244,0.0015464350960439494,0.1388466110401484,0.3485347052274274,-0.1139220155278087,-0.0843116049049682,-0.2901093317587765,-0.14282846155975268,0.35545228411788055,0.09403947351918983,0.4068884688623837,-0.06417318209077379,-13.980038033920437,0.1601508136324274,1.5047984970487864,-13.980038033920437,-9.506104013763544,-7.196019691202357,85
11,0.051807968497433875,-0.20398484891948418,0.05335366924980844,-0.28041967085440167,-0.1679170170466105,0.05069717518587101,-0.015026950565131049,-0.15661283828693157,-0.3344244738104588,0.4002447037540233,-0.02342479354373747,0.5930797408611375,-0.07551836998860442,0.3207879807474436,-0.1368657856989393,-0.02618264510545213,0.10979991442972756,0.06062964205064297,-0.2556554572143569,-0.4383099504409238,-0.3497736739924144,0.1439085585895063,-0.17774675808411738,-0.1562282179529706,-0.08058632975704294,-14.47816184716281,0.2207799596563464,-1.0,-14.47816184716281,-10.722468554937596,-9.100682433481326,112
12,0.05,-0.012806809206080991,0.12494114840995782,-0.034236078850774065,-0.10182644860014384,0.042960529580162415,-0.276195434201496,0.014091643197865336,0.23277619097866273,0.3273964882306282,-0.0543741807573015,0.3654396622377549,-0.18423621554326436,0.23163369599478667,-0.2688178218552064,-0.32920762021931765,0.1988272641647456,-0.20624063527034264,-0.2845229711196756,-0.2943495114949385,-0.04411646859303938,0.9217127750257279,-0.4147254788494295,0.29809664305682776,-0.30235793597897764,-14.45993820086666,0.5423367915007188,-1.0,-14.45993820086666,-10.694544053405263,-9.363737655955168,280
13,0.07312583277662466,-0.13712386999462695,0.04880177916924938,0.04025484604920107,-0.3735234051624556,0.12015193566307505,-0.1572745693208106,-0.04827173039099483,0.31117089040034296,-0.3648210414082061,-0.11987810785812386,0.03902339340765269,0.10732573220302503,-0.1726392120107437,-0.022606849478103312,-0.3097005211650361,-0.16093762007216156,0.23496279419885704,-0.21418767811419695,-0.13209730338931447,-0.45300880986683967,0.3410474435297074,0.09988581994226226,-0.0703547805419541,0.3488900514021024,-13.76925280024221,0.6309176996671799,-1.0,-13.76925280024221,-6.289311417007514,-0.6440929798626761,336
14,0.07441183961263416,0.5659709074182807,0.5209359235447639,-0.18907332160263263,-0.4355326565840596,-0.16777558153149869,-0.7527767695840081,-0.20101624254781558,-0.19825718936981465,0.47411671529159405,-0.005039920180729629,0.5296748931387077,0.07639695445693673,0.4947079080753036,0.10954070031655369,0.0810109322215249,0.500948282039852,-0.8,-0.5906348256143669,-0.6543551132995056,-0.4465378074515123,0.48871231307301327,0.43149093928087817,0.2877295730927639,0.776789443739372,-14.275359732304256,2.4783131195775194,-1.0,-14.275359732304256,-10.322762111710606,-9.654694736946052,532
15,0.06663248599738221,-0.13329958427451805,0.31261359719565657,-0.12289227568616282,-0.24548060220169476,-0.16801190541134353,0.04946998139037647,0.10326914919129068,0.19941527670601158,-0.122943615553851,-0.5293672198010665,-0.25736593619961284,-0.2267880911609011,0.1414517434199963,-0.20407405192488082,-0.27276697114143605,0.19644540254313803,0.13088707987511652,-0.5327214005247911,-0.08259530602232648,-0.21553373996624273,-0.18583823494655557,-0.9654729501684347,0.06442213664878804,0.20856818849699993,-13.976810080601528,0.33681452703459197,-1.0,-13.976810080601528,-9.721919769087087,-9.933031475259945,168
16,0.058514786125911725,0.3322116896291896,-0.23900338294659917,-0.1944644106859416,0.1683795396759269,0.5054685448273378,-0.03914246649656544,0.004328047437801658,-0.06480750612944472,-0.384858752033996,-0.10583248853241572,0.1933283361046103,-0.22474773758086314,-0.2964835231341936,-0.2927353528984861,-0.01833221175977251,-0.09447123819452319,0.06945689197059328,0.2511425867202235,0.27529322837319514,0.40995928218883226,0.6843731661843719,0.2841743056017792,0.07825289253244297,0.22901718335512403,-14.2574081811069,0.4069421888086295,5.141949298614871,-14.2574081811069,-10.28504474687389,-9.570741033521644,229
17,0.05,0.3844212839184546,-0.44353847992932394,-0.17266212533280223,0.45346124314534425,0.4735769747187851,0.04957799729724206,-0.007772936009089931,-0.04392171820151089,-0.2587362096141123,0.030509868359201886,0.11648261324685115,-0.38964640081483776,0.011564059334316368,-0.3550938369534317,-0.26646764519467575,-0.0711232146836478,0.06435079470529201,0.38459382809280246,0.21147170831036405,0.347616078460698,0.4190096288348889,0.23403990207022987,0.0635140047457631,0.10610833942197338,-13.715602970729945,0.07962304070667325,9.200235225550518,-13.715602970729945,-9.198533840892267,-9.414041783914033,37
18,0.05599325846921542,-0.1904444087791336,0.17554016767694344,0.06010309477988943,-0.060994466844506885,0.020784821130882637,-0.3053050347333586,-0.041079385010999066,0.10799739518084497,0.4656130694575189,0.01985959477033305,0.33527582108099874,0.09080373523194962,0.2842280882417663,-0.3671787467060784,-0.5529840219460038,0.3082988694642067,0.14604239033640243,-0.3592427304660278,-0.04995422950834544,0.06235940091501179,0.6699858328347806,-0.5116950738637397,0.32661590158443793,-0.606723360705729,-14.3950091659277,0.5531757372082169,9.90332914608608,-14.3950091659277,-10.55842886385159,-9.277350217148628,317
19,0.05,0.06618982209394568,0.29026122824050715,-0.3063773856102908,0.014721623717028329,0.31820667833488425,-0.4081550540612173,-0.27470585861955354,0.37456188915764926,0.273338170494783,0.36121763145725433,0.04907292275531028,-0.19892526779998704,0.20445822894571042,-0.2541021697708679,-0.35818347819162083,0.03224903639809079,0.001546386404956468,-0.15639054067027724,-0.10632785867670752,-0.2437604822557063,1.2355197705015555,-0.2896891468925016,0.12679305213165767,0.1104727045156591,-13.875687804657348,0.09655792023814376,7.298423510800843,-13.875687804657348,-9.514192816784327,-9.394816539923099,35
20,0.05597181976368655,-0.10650392366217809,0.03442242845197065,-0.474084244988714,-0.3023396414222893,0.2053924787510503,-0.19731318820016086,-0.14688763785009634,-0.430193621081934,0.35853653242735933,0.034001863292295015,0.1482887847024572,-0.4860473592065858,0.5411654152527883,0.30501449789073587,0.15539929463850696,0.0759623666673418,-0.18281726247046762,-0.09159419036804783,-0.1905794190769841,0.02156278264859257,0.5440443816003422,-0.13538363638248152,0.4234811918771457,0.018006418782323008,-13.67750155753532,0.13043296375775285,1.5980845415086864,-13.67750155753532,-9.117950423493928,-10.459300916414561,57
21,0.06308606507463839,-0.30884225672315274,0.3495075639594206,-0.06434365524837254,-0.23086688593261706,0.12876405252639667,-0.18658988541410693,-0.024280029929336366,-0.3283629342846071,0.32024709153723774,-0.15068547516508854,0.4220916660757914,-0.0004918969605951506,0.051635174862643685,-0.05959455256766469,-0.001246488734048444,0.13979080580299122,0.10049863479429649,-0.20691958633401838,-0.36268066596820503,-0.28855349898616567,0.6097803335826055,-0.07171287587993361,-0.30560633783451874,-0.6851586671755762,-14.44489348035615,0.5902949986510567,-1.0,-14.44489348035615,-10.650347573706153,-9.023731495006711,308
22,0.08567983340521565,0.47256961566174405,0.24124537229917165,-0.21919248315034792,-0.07782827011531349,0.003916821589779906,-0.7920221327669517,-0.5328358847427233,-0.3017968576851365,0.7844701267500389,-0.11302535579378138,0.3930780954326367,0.18102901632453486,0.7016755517843545,0.44114389424774664,0.14454071203428093,0.8,-0.6426987474402156,-0.529342717471959,-0.5827289510027744,-0.09357219301155159,0.7231404427016217,0.4132885627996967,0.264398349918343,1.0749418639213477,-14.244649971269705,2.717125766977336,3.259123172808573,-14.244649971269705,-10.26036851209752,-9.657091796324776,535
23,0.05,-0.10630841338604155,0.04321440419527989,-0.2891021073806918,-0.06599488406282042,0.06584158443277083,0.019115868633479617,-0.243118145323995,-0.42449497309307666,0.3592868923257154,-0.23001211364040558,0.8,-0.06757701067491785,0.28323811288019773,-0.04817806347066522,0.11020172996834934,0.3539343322115639,0.46369693524640254,-0.2425866519858683,-0.5564183929526201,-0.31388863507583464,-0.09852269381162909,0.03471163753987519,-0.26136064034723144,0.15992725665012392,-14.164937437569375,0.087810523694242,-1.0,-14.164937437569375,-9.925861033353584,-7.4726413628668835,28
24,0.05,0.30512816365402284,0.08798606133264844,-0.4162646229756416,-0.23877504052597395,0.41104705233855543,-0.08156283268810147,0.13823587469677645,-0.21588811616904233,-0.0631192532846591,-0.21380191848495456,0.2865960520834076,-0.09465622083139823,-0.234913855463493,-0.01034057432443665,0.12263264494558607,-0.0592407672374325,0.17337337113489762,0.026446277671351198,-0.11766905979309521,0.06585541138320958,0.5433343362021719,0.28273105666551523,0.32877286693765684,0.3722562047055049,-14.368395028022746,0.1514819042627097,2.9232395954394486,-14.368395028022746,-10.509822201520153,-9.489048144863125,86
25,0.0911629698006703,0.5850389198664678,0.28529524964582414,-0.5812084971425366,-0.24916190757976875,-0.16657840876421143,-0.8,-0.6432425832172971,-0.40101099003839835,0.8,-0.3409453417257319,0.47675298351549855,0.1303593189390034,0.6031069643456335,0.08705130004779146,0.321016539310885,0.5355694074351417,-0.7513804481009754,-0.4089180222625707,-0.4453277985642587,-0.35428945369440135,0.6130481789044747,0.6596477271868214,0.2731414320445734,1.0160435234469467,-14.479024922247163,0.5472206942909998,1.1632639517706482,-14.479024922247163,-10.72553079365759,-10.572864101846056,281
26,0.07013428544720651,0.3976572991294025,0.18522209820158309,-0.6203161431437513,0.4951683878196921,-0.07840237729551806,-0.02768461360529975,-0.024208841782338245,0.31464506759482025,0.5460461804548856,0.013149120481370027,0.11727524585879985,0.15576471714051704,0.08878576820936118,0.496812965029574,-0.10164122468906099,0.24153932084545243,-0.08538763898872992,0.21953390909884687,-0.12930187066164,0.24488801493678575,-0.8640664052669,0.1885385987526248,0.5162311885506019,0.047189693812919556,-13.549462025252863,0.722233660213957,-1.0,-13.549462025252863,-8.83966988062416,-8.747087466362942,392
